{"count":1,"self":34.2547488,"total":36.678919,"children":{"InitializeActuators":{"count":8,"self":0.001963,"total":0.001963,"children":null},"InitializeSensors":{"count":8,"self":0.0027099999999999997,"total":0.0027099999999999997,"children":null},"AgentSendState":{"count":767,"self":0.012853999999999999,"total":1.2946609999999998,"children":{"CollectObservations":{"count":616,"self":0.003614,"total":0.003614,"children":null},"WriteActionMask":{"count":616,"self":0.0014219999999999999,"total":0.0014219999999999999,"children":null},"RequestDecision":{"count":616,"self":0.0076399999999999992,"total":1.2767709999999999,"children":{"CameraSensor.GetCompressedObservation":{"count":616,"self":1.269131,"total":1.269131,"children":null}}}}},"DecideAction":{"count":767,"self":0.017360999999999998,"total":0.017360999999999998,"children":null},"AgentAct":{"count":767,"self":1.1062079999999999,"total":1.1062079999999999,"children":null}},"gauges":{},"metadata":{"timer_format_version":"0.1.0","start_time_seconds":"1701241895","unity_version":"2021.3.30f1","command_line_arguments":"\/home\/usr4\/yamane\/Unity\/Hub\/Editor\/2021.3.30f1\/Editor\/Unity -projectpath \/home\/usr4\/yamane\/unity_project\/Test_Crest -useHub -hubIPC -cloudEnvironment production","communication_protocol_version":"1.5.0","com.unity.ml-agents_version":"2.3.0-exp.3","scene_name":"IM_Round_V2","end_time_seconds":"1701241932"}}